{
  "_format": "hh-sol-cache-2",
  "files": {
    "/Users/kennylai/CodeZ/py/ethContract/contracts/HelloWorld.sol": {
      "lastModificationDate": 1752572271840,
      "contentHash": "c8f57151a3109ea8f4726ec0880da57b",
      "sourceName": "contracts/HelloWorld.sol",
      "solcConfig": {
        "version": "0.8.19",
        "settings": {
          "optimizer": {
            "enabled": false,
            "runs": 200
          },
          "outputSelection": {
            "*": {
              "*": [
                "abi",
                "evm.bytecode",
                "evm.deployedBytecode",
                "evm.methodIdentifiers",
                "metadata"
              ],
              "": [
                "ast"
              ]
            }
          }
        }
      },
      "imports": [],
      "versionPragmas": [
        "^0.8.19"
      ],
      "artifacts": [
        "HelloWorld"
      ]
    }
  }
}
